#{"t_start": 1777334239.2332623, "env_id": "MountainCarContinuous-v0"}
r,l,t
-960.0,999,2.7194
-581.0,711,4.653033
-960.0,999,7.325918
-976.0,999,10.016408
-183.0,288,10.783571
-45.0,147,11.191746
-47.0,148,11.604981
-37.0,140,11.973635
-77.0,178,12.464153
-48.0,148,12.850879
-57.0,159,13.296347
-60.0,161,13.743286
-45.0,146,14.12783
-42.0,143,14.533705
-115.0,217,15.124947
-66.0,167,15.578105
-42.0,143,15.965179
-120.0,227,16.620426
-32.0,134,16.993546
-38.0,139,17.383274
-35.0,137,17.762635
-94.0,195,18.305161
-34.0,134,18.677029
-30.0,130,19.041725
-29.0,130,19.396122
-92.0,192,19.918853
-37.0,138,20.304661
-123.0,225,20.916734
-130.0,233,21.593226
-27.0,127,21.971066
-29.0,131,22.319901
-38.0,138,22.693249
-36.0,137,23.106749
-93.0,195,23.681112
-34.0,136,24.049578
-121.0,223,24.671926
-128.0,230,25.301548
-86.0,189,25.812692
-114.0,216,26.388736
-84.0,186,26.875746
-279.0,383,27.896595
-23.0,123,28.238701
-24.0,125,28.580638
-163.0,266,29.309834
-24.0,124,29.663173
-21.0,122,29.998936
-90.0,193,30.529304
-51.0,152,30.949115
-24.0,124,31.30008
-56.0,157,31.713134
-60.0,160,32.149493
-67.0,168,32.627979
-22.0,123,32.987513
-96.0,196,33.522443
-91.0,193,34.045142
-20.0,122,34.384852
-95.0,200,34.94006
-24.0,126,35.268148
5.0,95,35.529659
4.0,96,35.805443
-21.0,122,36.170144
-73.0,179,36.652009
-69.0,170,37.158634
-22.0,122,37.492593
-24.0,126,37.855325
-78.0,180,38.365206
-74.0,175,38.857672
-54.0,154,39.269366
2.0,98,39.546238
-48.0,149,39.956938
-58.0,159,40.38716
-126.0,229,40.999625
-24.0,124,41.349623
-55.0,157,41.765248
-1.0,101,42.045001
-47.0,149,42.45355
-52.0,153,42.8651
-28.0,128,43.215947
-91.0,195,43.732897
-28.0,129,44.081467
-87.0,188,44.587449
-130.0,237,45.203881
-25.0,126,45.54603
-52.0,153,45.969793
-55.0,156,46.400481
-50.0,155,46.819474
-22.0,123,47.160193
-96.0,198,47.694329
-60.0,160,48.175076
-23.0,123,48.527981
-51.0,152,48.968687
-27.0,127,49.307539
-77.0,182,49.80393
-45.0,148,50.221266
-46.0,146,50.632932
-22.0,122,50.972032
-100.0,203,51.568575
4.0,96,51.834703
-1.0,101,52.117123
-20.0,120,52.466545
-21.0,121,52.799958
-22.0,122,53.1834
-60.0,160,53.628044
-24.0,124,53.989805
-21.0,121,54.341836
-21.0,121,54.736048
-75.0,175,55.225888
-51.0,151,55.645777
4.0,97,55.916562
-30.0,130,56.267166
-21.0,122,56.615216
3.0,98,56.880819
-46.0,158,57.35051
-29.0,129,57.712819
1.0,99,57.991505
28.0,72,58.232554
-37.0,137,58.642623
-40.0,140,59.048369
-23.0,124,59.382407
-29.0,129,59.752379
-26.0,126,60.099591
-28.0,129,60.44695
5.0,95,60.70905
-54.0,154,61.135361
6.0,94,61.400208
-86.0,190,61.919652
4.0,96,62.181764
4.0,96,62.441999
5.0,95,62.705733
-22.0,123,63.036341
1.0,99,63.311956
-33.0,134,63.664241
-23.0,124,64.017199
2.0,98,64.274078
-23.0,124,64.616249
6.0,94,64.854849
31.0,69,65.042432
-35.0,137,65.406095
-46.0,146,65.790646
5.0,95,66.044598
-25.0,127,66.384199
-23.0,124,66.721407
33.0,68,66.893742
-28.0,129,67.233315
-25.0,125,67.572526
4.0,96,67.830286
1.0,99,68.089972
-28.0,128,68.428639
-30.0,130,68.767942
5.0,95,69.027821
32.0,68,69.218568
32.0,68,69.392324
2.0,98,69.668672
31.0,70,69.841277
4.0,96,70.101668
31.0,69,70.292188
1.0,99,70.555186
31.0,69,70.748534
31.0,69,70.945835
31.0,69,71.127931
3.0,97,71.400673
31.0,69,71.597306
-1.0,102,71.898692
1.0,99,72.161184
31.0,70,72.358488
5.0,95,72.61881
30.0,70,72.795166
31.0,69,72.98983
-6.0,108,73.291212
31.0,69,73.485687
1.0,99,73.763114
26.0,74,73.95595
2.0,98,74.212085
31.0,69,74.402663
1.0,99,74.657653
2.0,98,74.910999
-48.0,148,75.312519
31.0,69,75.486256
31.0,69,75.679806
31.0,69,75.882647
32.0,68,76.056605
31.0,69,76.248453
24.0,76,76.44722
-1.0,102,76.724083
32.0,68,76.913118
31.0,69,77.084476
-14.0,114,77.383853
4.0,96,77.641954
32.0,68,77.835933
1.0,99,78.105848
32.0,68,78.29559
1.0,99,78.551289
3.0,97,78.807623
32.0,68,78.998568
3.0,97,79.262949
3.0,97,79.526921
30.0,70,79.718961
31.0,69,79.894465
4.0,96,80.153838
1.0,99,80.439752
31.0,69,80.617556
31.0,69,80.811357
27.0,73,81.007339
2.0,98,81.270302
2.0,98,81.558642
0.0,100,81.823736
1.0,99,82.105637
30.0,70,82.28639
1.0,99,82.580818
26.0,74,82.777128
29.0,71,82.973455
26.0,74,83.171446
1.0,99,83.437891
30.0,70,83.632895
31.0,69,83.831859
29.0,71,84.02789
3.0,97,84.308903
3.0,97,84.591042
31.0,69,84.794952
2.0,98,85.055301
1.0,99,85.313029
-2.0,102,85.603093
30.0,70,85.793072
31.0,69,85.965804
0.0,100,86.245216
31.0,69,86.421005
3.0,97,86.70426
19.0,82,86.924848
28.0,72,87.122101
3.0,97,87.392225
3.0,97,87.656027
3.0,97,87.912267
30.0,70,88.102427
-8.0,108,88.380281
31.0,70,88.569738
30.0,71,88.75869
1.0,99,89.010666
30.0,70,89.198346
2.0,98,89.452698
4.0,97,89.729622
30.0,70,89.909793
27.0,73,90.107407
3.0,97,90.384036
1.0,99,90.646979
0.0,100,90.904138
29.0,71,91.098955
0.0,100,91.382283
2.0,98,91.637589
2.0,98,91.891252
4.0,97,92.153968
-5.0,105,92.454156
30.0,70,92.62997
3.0,97,92.884969
4.0,96,93.143247
4.0,96,93.400365
-11.0,111,93.696235
29.0,72,93.887091
2.0,98,94.160639
2.0,98,94.439234
1.0,100,94.699672
2.0,98,94.975147
29.0,72,95.165586
1.0,99,95.420725
2.0,98,95.673365
28.0,72,95.85664
1.0,99,96.128042
2.0,98,96.378202
2.0,98,96.633165
1.0,99,96.889452
0.0,100,97.171891
1.0,99,97.429748
1.0,99,97.706191
0.0,100,97.963737
-2.0,102,98.24152
-11.0,111,98.543157
-1.0,101,98.806085
-1.0,101,99.087161
-2.0,102,99.36558
28.0,73,99.564096
24.0,77,99.775799
0.0,100,100.033833
0.0,100,100.327363
1.0,99,100.589895
0.0,100,100.855304
0.0,100,101.137615
0.0,100,101.400254
-2.0,102,101.686662
-1.0,101,101.962386
0.0,100,102.231317
0.0,100,102.504422
27.0,73,102.694049
-1.0,101,102.970317
27.0,74,103.167711
-1.0,101,103.436388
27.0,73,103.647702
28.0,72,103.843378
28.0,72,104.036305
28.0,72,104.254843
28.0,72,104.466116
27.0,73,104.665976
28.0,72,104.864291
1.0,99,105.13024
20.0,81,105.359321
15.0,86,105.614626
28.0,72,105.833985
-6.0,106,106.138235
-5.0,105,106.425328
26.0,74,106.653809
-2.0,102,106.94112
0.0,100,107.250129
26.0,74,107.457735
26.0,74,107.691217
-2.0,103,108.000815
24.0,77,108.241431
24.0,76,108.435658
21.0,79,108.667517
29.0,72,108.884999
29.0,71,109.080153
23.0,77,109.291722
29.0,71,109.492487
28.0,72,109.685662
30.0,70,109.858429
28.0,72,110.050392
30.0,70,110.261217
30.0,70,110.45789
30.0,70,110.662108
30.0,70,110.85172
31.0,69,111.05705
30.0,70,111.252538
31.0,70,111.431988
30.0,70,111.63744
29.0,71,111.832684
31.0,69,112.030707
30.0,70,112.2054
27.0,73,112.432348
30.0,70,112.611066
24.0,76,112.831802
30.0,70,113.05063
26.0,74,113.254556
29.0,71,113.452045
26.0,74,113.67436
30.0,70,113.875674
30.0,70,114.059999
30.0,70,114.289293
29.0,71,114.543955
30.0,70,114.747712
29.0,71,114.955498
30.0,71,115.155657
30.0,70,115.327563
-47.0,147,115.729036
31.0,69,115.90057
29.0,72,116.095801
31.0,69,116.289373
32.0,68,116.463422
31.0,69,116.659736
31.0,69,116.85213
30.0,70,117.030914
30.0,70,117.223452
31.0,69,117.423744
31.0,69,117.610683
30.0,70,117.814312
27.0,73,118.010594
28.0,73,118.201108
-42.0,142,118.582195
31.0,69,118.773801
31.0,69,118.950787
30.0,70,119.148465
31.0,69,119.357423
30.0,70,119.561591
30.0,70,119.738531
31.0,69,119.933183
29.0,71,120.136141
30.0,70,120.32102
30.0,70,120.492065
29.0,72,120.680262
27.0,73,120.869426
29.0,71,121.061471
30.0,70,121.254379
30.0,70,121.443258
30.0,70,121.63782
31.0,69,121.825076
30.0,70,122.036762
31.0,69,122.251103
31.0,69,122.428985
31.0,69,122.6294
29.0,71,122.823344
31.0,69,122.998971
31.0,69,123.193472
-3.0,103,123.477113
31.0,69,123.652082
33.0,68,123.850848
-17.0,117,124.178401
31.0,69,124.35657
32.0,68,124.553431
2.0,98,124.817163
31.0,69,125.011637
31.0,69,125.185993
26.0,74,125.381698
31.0,69,125.571178
28.0,72,125.762763
-46.0,146,126.139332
33.0,68,126.325408
33.0,67,126.499567
2.0,98,126.760038
32.0,68,126.952501
32.0,68,127.122161
-46.0,147,127.520038
32.0,68,127.695475
-5.0,105,127.982395
30.0,70,128.173834
31.0,69,128.364367
32.0,68,128.538416
2.0,99,128.82205
31.0,69,129.000919
4.0,96,129.266144
-45.0,145,129.656164
-44.0,144,130.055267
31.0,69,130.270875
-43.0,143,130.676124
31.0,69,130.8693
31.0,69,131.039666
-4.0,104,131.317266
2.0,98,131.584852
-4.0,105,131.879972
31.0,69,132.046032
31.0,69,132.239337
-42.0,142,132.597943
33.0,68,132.769634
0.0,100,133.036484
32.0,68,133.197101
31.0,69,133.380706
32.0,68,133.551567
32.0,68,133.739692
32.0,68,133.91082
2.0,98,134.175312
-40.0,140,134.550173
0.0,100,134.803286
31.0,69,134.99099
32.0,68,135.181536
33.0,68,135.349985
31.0,69,135.536203
-43.0,143,135.906726
32.0,69,136.080092
28.0,72,136.269106
29.0,71,136.454779
31.0,69,136.643996
30.0,70,136.818493
30.0,70,137.012946
-47.0,147,137.402458
31.0,69,137.572387
-46.0,146,137.93212
31.0,69,138.108464
30.0,70,138.285728
-46.0,146,138.661998
-44.0,144,139.01574
25.0,75,139.197005
30.0,70,139.379925
30.0,70,139.571743
31.0,69,139.754299
31.0,69,139.918407
31.0,69,140.105808
-43.0,143,140.471397
31.0,69,140.626364
29.0,71,140.827575
31.0,69,141.008217
32.0,68,141.17489
32.0,69,141.367621
31.0,69,141.56009
-39.0,139,141.915392
32.0,69,142.095219
29.0,71,142.267171
30.0,70,142.453154
-44.0,144,142.824502
-40.0,140,143.204857
-45.0,145,143.580214
28.0,72,143.771329
31.0,69,143.920742
32.0,68,144.104019
32.0,68,144.269746
31.0,69,144.459201
30.0,70,144.650439
-3.0,103,144.927078
31.0,69,145.100609
24.0,76,145.31056
4.0,96,145.563334
28.0,73,145.751512
30.0,70,145.930325
3.0,97,146.169229
32.0,68,146.339255
32.0,69,146.529109
32.0,68,146.701112
32.0,68,146.890456
33.0,68,147.0564
-29.0,129,147.386238
33.0,67,147.555681
30.0,70,147.741116
26.0,74,147.927685
32.0,68,148.093232
-38.0,138,148.449779
31.0,70,148.621839
32.0,68,148.807213
32.0,68,148.979795
32.0,68,149.176532
29.0,71,149.364619
29.0,71,149.540853
32.0,68,149.699732
3.0,97,149.939781
32.0,68,150.12237
30.0,70,150.305377
5.0,96,150.55582
4.0,96,150.772787
33.0,67,150.920653
5.0,95,151.145834
-45.0,145,151.510119
-41.0,141,151.87968
5.0,95,152.115095
-41.0,141,152.490999
33.0,67,152.660645
6.0,94,152.909733
33.0,67,153.095863
33.0,67,153.263573
-42.0,142,153.629289
5.0,95,153.865623
33.0,68,154.030453
5.0,95,154.251747
23.0,77,154.448281
32.0,68,154.613814
31.0,69,154.789067
32.0,68,154.94176
23.0,77,155.148668
32.0,68,155.312688
33.0,68,155.496766
30.0,70,155.685044
32.0,68,155.845887
5.0,95,156.070492
1.0,100,156.298515
31.0,69,156.4682
-7.0,107,156.720289
-44.0,144,157.087567
32.0,68,157.271891
31.0,69,157.452815
32.0,68,157.622002
32.0,68,157.806968
31.0,69,157.979979
2.0,98,158.245879
31.0,70,158.434899
29.0,71,158.624163
3.0,97,158.877381
32.0,68,159.066312
31.0,69,159.237665
31.0,69,159.428476
-41.0,141,159.807583
-38.0,138,160.149185
32.0,68,160.317012
4.0,96,160.559823
-35.0,136,160.914537
-44.0,144,161.294041
30.0,70,161.477373
32.0,68,161.662673
30.0,70,161.82871
3.0,97,162.066782
-40.0,140,162.414734
32.0,68,162.575227
33.0,68,162.756329
33.0,68,162.927419
32.0,68,163.110844
33.0,68,163.281468
4.0,96,163.515433
28.0,72,163.691907
31.0,69,163.861394
24.0,76,164.059662
32.0,68,164.2216
30.0,70,164.405473
32.0,68,164.574233
31.0,69,164.76914
31.0,69,164.947947
31.0,69,165.107261
32.0,68,165.287101
31.0,69,165.457953
-46.0,146,165.856329
31.0,69,166.027174
31.0,69,166.216332
0.0,100,166.470407
30.0,70,166.658671
31.0,69,166.841207
32.0,68,167.008967
-2.0,102,167.259586
29.0,71,167.422245
-44.0,144,167.791531
3.0,98,168.044514
31.0,69,168.231083
31.0,69,168.400849
30.0,70,168.599724
31.0,69,168.787212
4.0,97,169.042228
29.0,71,169.230736
31.0,69,169.3904
31.0,69,169.578356
30.0,70,169.768165
31.0,69,169.934615
32.0,69,170.123766
30.0,70,170.305657
29.0,71,170.487716
29.0,71,170.651522
28.0,72,170.829166
29.0,71,171.004912
28.0,72,171.186105
28.0,72,171.371165
28.0,72,171.552421
29.0,72,171.740181
28.0,72,171.921651
28.0,72,172.11047
26.0,74,172.318531
27.0,73,172.499909
29.0,71,172.685476
29.0,71,172.836668
29.0,71,173.011974
29.0,71,173.190132
27.0,73,173.363816
25.0,75,173.558559
29.0,71,173.740157
29.0,71,173.9047
28.0,72,174.089272
30.0,71,174.279595
30.0,71,174.470763
31.0,70,174.660798
30.0,70,174.849792
-40.0,140,175.205737
31.0,69,175.39477
31.0,69,175.56487
30.0,70,175.750363
31.0,69,175.942498
-9.0,109,176.221906
30.0,70,176.408122
-5.0,106,176.683782
-42.0,142,177.056895
31.0,69,177.243142
31.0,69,177.409214
31.0,69,177.589065
30.0,70,177.776265
31.0,69,177.941404
31.0,69,178.1325
0.0,100,178.404063
-41.0,141,178.761534
31.0,69,178.950559
32.0,68,179.118339
3.0,97,179.366445
31.0,69,179.55879
31.0,69,179.733125
-37.0,137,180.097162
30.0,70,180.275552
30.0,70,180.448034
30.0,70,180.627985
27.0,73,180.81279
31.0,69,180.986245
29.0,71,181.169121
30.0,70,181.337429
29.0,71,181.522923
30.0,70,181.705023
29.0,71,181.896061
28.0,72,182.08493
31.0,69,182.271347
-41.0,141,182.619953
-44.0,144,182.992724
29.0,71,183.167732
29.0,71,183.34409
29.0,71,183.525301
27.0,73,183.712079
30.0,71,183.894952
29.0,71,184.083714
28.0,72,184.274145
29.0,71,184.462767
27.0,73,184.653776
29.0,71,184.839907
30.0,70,185.010692
30.0,70,185.196981
29.0,71,185.385725
31.0,69,185.574392
-39.0,139,185.933999
29.0,71,186.122282
0.0,100,186.379921
-37.0,137,186.713497
4.0,97,186.989283
28.0,72,187.178158
31.0,69,187.348478
-47.0,147,187.753048
29.0,71,187.925474
30.0,70,188.099636
31.0,69,188.288653
30.0,70,188.479858
27.0,73,188.66846
29.0,71,188.854093
26.0,75,189.044267
28.0,72,189.236456
30.0,70,189.427211
30.0,70,189.595255
31.0,69,189.769096
30.0,70,189.947055
30.0,70,190.12784
-48.0,148,190.494845
-43.0,143,190.863231
-45.0,145,191.223944
-36.0,136,191.571752
31.0,69,191.760519
-40.0,140,192.105011
30.0,70,192.273489
31.0,69,192.465264
31.0,69,192.633985
-45.0,145,193.009381
-44.0,144,193.393786
32.0,68,193.581402
30.0,70,193.770021
32.0,68,193.939665
32.0,68,194.12784
31.0,69,194.295544
-42.0,143,194.665625
-37.0,137,195.002948
7.0,93,195.247282
-38.0,138,195.598558
32.0,68,195.773129
-31.0,132,196.109041
-31.0,131,196.446022
8.0,92,196.697309
31.0,69,196.882615
7.0,93,197.120665
9.0,92,197.37508
-25.0,125,197.68459
8.0,92,197.925788
-31.0,131,198.24211
-32.0,132,198.595214
-29.0,129,198.93177
8.0,92,199.165799
8.0,92,199.426374
-28.0,128,199.753868
8.0,92,199.987315
-38.0,138,200.354587
6.0,94,200.58865
-26.0,126,200.919482
-30.0,130,201.267805
-34.0,134,201.618899
8.0,92,201.863076
7.0,93,202.093352
32.0,68,202.276607
8.0,93,202.509443
-40.0,140,202.864916
-39.0,139,203.207749
-34.0,134,203.552547
-41.0,141,203.931321
32.0,68,204.095296
31.0,69,204.28512
-40.0,140,204.646497
-44.0,144,205.03055
-40.0,140,205.390932
30.0,70,205.562281
31.0,69,205.75142
-40.0,140,206.123083
-45.0,145,206.512717
31.0,69,206.685481
2.0,99,206.953899
30.0,70,207.118423
31.0,69,207.307729
-38.0,138,207.655029
4.0,97,207.898607
-39.0,139,208.262125
31.0,69,208.43222
3.0,97,208.699429
-43.0,143,209.059414
2.0,99,209.329399
-44.0,144,209.706276
31.0,69,209.876876
-44.0,144,210.24527
31.0,69,210.43293
31.0,69,210.620868
31.0,69,210.789688
5.0,95,211.046543
31.0,69,211.23283
31.0,69,211.388803
0.0,101,211.669599
32.0,68,211.856017
31.0,69,212.027713
-44.0,144,212.398493
31.0,69,212.572705
30.0,70,212.757305
32.0,68,212.921843
31.0,69,213.103627
29.0,71,213.290984
31.0,69,213.469903
27.0,73,213.661262
31.0,69,213.840707
32.0,68,214.003311
-43.0,143,214.354622
26.0,74,214.557178
-42.0,142,214.912271
6.0,94,215.163629
6.0,94,215.408559
-36.0,136,215.760666
6.0,94,216.008692
-35.0,135,216.357543
31.0,69,216.540932
31.0,69,216.729001
31.0,69,216.893597
-41.0,141,217.259631
31.0,69,217.438444
30.0,70,217.607985
-34.0,134,217.953678
-34.0,134,218.282432
31.0,69,218.45167
-35.0,135,218.808224
29.0,71,218.994975
30.0,70,219.179487
-33.0,133,219.519531
-34.0,135,219.848358
29.0,71,220.033423
31.0,70,220.214505
-44.0,144,220.584865
29.0,71,220.769828
29.0,71,220.958994
29.0,71,221.143975
29.0,71,221.333455
25.0,75,221.522681
-35.0,136,221.872068
30.0,70,222.054369
23.0,77,222.223611
30.0,70,222.403013
30.0,70,222.59147
-32.0,132,222.923347
30.0,70,223.106616
-36.0,136,223.450146
31.0,69,223.631239
-38.0,138,223.981275
30.0,70,224.160191
29.0,71,224.347818
-41.0,141,224.70936
30.0,70,224.892797
31.0,69,225.084034
29.0,71,225.250089
30.0,70,225.4398
31.0,69,225.629835
-45.0,145,226.010567
28.0,72,226.20012
-29.0,129,226.532327
31.0,69,226.720916
-43.0,143,227.095575
-41.0,141,227.454191
-29.0,129,227.796674
31.0,69,227.98781
-41.0,141,228.363109
30.0,70,228.522086
-33.0,133,228.874883
31.0,69,229.064978
-31.0,131,229.411731
-33.0,133,229.768081
31.0,69,229.940103
30.0,70,230.125548
-36.0,136,230.472364
27.0,73,230.655867
30.0,70,230.843201
30.0,70,231.021475
-49.0,149,231.394024
29.0,71,231.581487
30.0,70,231.765414
30.0,70,231.953772
30.0,70,232.133457
29.0,71,232.319706
-39.0,139,232.681633
30.0,70,232.848147
31.0,70,233.031932
30.0,70,233.216097
-35.0,135,233.571003
-34.0,134,233.90384
30.0,70,234.087638
-31.0,131,234.453472
30.0,70,234.631071
27.0,73,234.821449
30.0,70,235.011165
30.0,70,235.199929
26.0,74,235.385059
-41.0,141,235.747308
30.0,70,235.933336
29.0,71,236.100989
-43.0,143,236.46996
29.0,71,236.659421
31.0,69,236.849274
-37.0,137,237.206427
-26.0,126,237.53888
-33.0,133,237.877886
-32.0,132,238.228179
-28.0,128,238.56766
-26.0,126,238.907138
-38.0,138,239.258215
-24.0,124,239.577812
28.0,72,239.767163
-22.0,122,240.090111
-56.0,158,240.48201
-40.0,140,240.855752
-42.0,143,241.227556
-24.0,124,241.544115
-23.0,123,241.872459
-24.0,124,242.184525
-31.0,131,242.512605
-30.0,130,242.852465
-28.0,128,243.180073
-31.0,131,243.508476
-33.0,133,243.849923
31.0,69,244.013769
-43.0,143,244.379265
-36.0,136,244.730052
-26.0,126,245.04092
-31.0,131,245.381915
-32.0,132,245.745446
29.0,71,245.934314
30.0,70,246.090308
30.0,70,246.259888
31.0,69,246.44573
31.0,69,246.61508
30.0,70,246.800798
-24.0,125,247.116727
-26.0,126,247.45462
-29.0,129,247.786491
-36.0,136,248.142221
-26.0,126,248.456923
30.0,70,248.646862
-41.0,141,249.006046
-36.0,136,249.355735
-25.0,125,249.670143
-26.0,126,250.006873
-26.0,126,250.341183
30.0,70,250.521308
-41.0,141,250.871777
25.0,75,251.079804
-30.0,130,251.412462
-32.0,132,251.742524
-31.0,132,252.075955
26.0,74,252.251655
24.0,76,252.442429
-26.0,126,252.739085
30.0,70,252.925725
-27.0,127,253.241068
30.0,70,253.424111
-24.0,124,253.734041
-26.0,126,254.05891
-44.0,144,254.419248
-24.0,124,254.745127
-29.0,129,255.069988
-34.0,134,255.406661
-27.0,127,255.740331
-40.0,140,256.11353
-44.0,144,256.494995
25.0,75,256.685319
-27.0,127,257.020199
-33.0,133,257.375701
-26.0,126,257.698665
-25.0,125,258.028392
-23.0,123,258.337408
30.0,70,258.524612
28.0,72,258.715551
-41.0,141,259.084245
-29.0,130,259.419531
-32.0,132,259.774608
-37.0,137,260.13358
-35.0,135,260.479532
-31.0,131,260.808104
-23.0,123,261.12301
-23.0,123,261.43836
30.0,70,261.599894
-34.0,134,261.944646
31.0,70,262.123419
-24.0,124,262.432261
-36.0,136,262.788078
-27.0,127,263.110579
-30.0,130,263.457269
-24.0,124,263.779191
-27.0,127,264.090659
30.0,70,264.279436
-29.0,129,264.635144
-40.0,140,264.998065
-36.0,136,265.350562
-34.0,134,265.691038
-39.0,139,266.045537
-26.0,126,266.384536
30.0,70,266.559471
27.0,73,266.750266
-45.0,145,267.103455
-31.0,131,267.425103
-24.0,124,267.741588
30.0,70,267.930606
-30.0,130,268.24303
-28.0,128,268.576779
-28.0,128,268.896552
27.0,73,269.081727
-39.0,139,269.450661
24.0,76,269.646217
29.0,71,269.832656
-28.0,128,270.1643
30.0,70,270.352735
-31.0,132,270.669465
-38.0,139,270.998293
-23.0,123,271.292549
30.0,70,271.472853
-29.0,129,271.803937
-25.0,125,272.092356
-34.0,134,272.444437
-25.0,125,272.763609
-26.0,126,273.097698
-39.0,139,273.452234
-30.0,130,273.777857
29.0,71,273.965036
-27.0,127,274.300029
-42.0,142,274.677932
-31.0,131,275.01302
-35.0,135,275.367367
-30.0,130,275.666021
-27.0,127,275.998516
28.0,72,276.184326
-26.0,126,276.52756
-23.0,123,276.838166
-39.0,139,277.206331
29.0,71,277.374776
-23.0,123,277.699861
-31.0,132,278.02374
30.0,70,278.205337
-44.0,144,278.577923
30.0,70,278.76328
-35.0,135,279.124172
-45.0,145,279.46057
-28.0,129,279.789083
30.0,70,279.975908
-29.0,129,280.313541
-40.0,140,280.679052
-28.0,128,281.002239
-34.0,134,281.351385
-40.0,141,281.718611
-33.0,133,282.051314
30.0,70,282.236479
-32.0,132,282.592577
-38.0,138,282.958088
-28.0,128,283.29356
-29.0,130,283.627818
-28.0,128,283.955092
-21.0,121,284.264373
-17.0,117,284.571201
-32.0,132,284.897247
-31.0,131,285.246382
-34.0,134,285.568678
-19.0,119,285.881787
-24.0,124,286.213675
-22.0,122,286.531043
-39.0,139,286.890481
-41.0,141,287.235637
-24.0,124,287.568034
-31.0,132,287.892448
-20.0,120,288.205492
-24.0,124,288.5417
-21.0,121,288.867059
-23.0,123,289.18056
-31.0,131,289.512581
-40.0,140,289.889265
-20.0,120,290.20039
-26.0,126,290.526178
-30.0,130,290.859032
-36.0,136,291.196716
-25.0,125,291.526241
-19.0,119,291.814692
-26.0,126,292.157102
-18.0,118,292.472868
-30.0,130,292.805576
-17.0,118,293.112621
-25.0,125,293.447227
5.0,95,293.727947
-20.0,120,294.044523
-29.0,129,294.404072
-23.0,123,294.754071
-18.0,118,295.072735
-28.0,128,295.403629
-28.0,128,295.73348
-15.0,116,296.031864
-21.0,121,296.371198
-21.0,121,296.695738
-25.0,125,297.034431
-20.0,120,297.351028
-17.0,117,297.657861
-31.0,131,297.990762
-32.0,132,298.34894
-30.0,130,298.702853
-32.0,132,299.035433
-26.0,126,299.378373
-27.0,127,299.716219
-26.0,126,300.054943
-20.0,120,300.370107
-19.0,119,300.672301
-94.0,194,301.164985
-23.0,123,301.470325
-17.0,117,301.782812
-15.0,115,302.075577
-20.0,120,302.396721
-18.0,118,302.699715
-37.0,138,303.06375
-26.0,126,303.38571
-27.0,127,303.725797
-64.0,165,304.149168
5.0,95,304.390089
-18.0,118,304.704249
-25.0,125,305.021292
-25.0,125,305.342781
-62.0,162,305.766374
-23.0,123,306.077065
-62.0,162,306.498885
-17.0,117,306.80897
-26.0,127,307.135138
-59.0,159,307.550857
-65.0,165,307.964735
-16.0,116,308.280911
-19.0,119,308.595991
-26.0,126,308.904792
-26.0,126,309.227519
-70.0,170,309.664377
-63.0,163,310.103514
-21.0,121,310.419449
-53.0,153,310.810652
-23.0,123,311.113394
-19.0,119,311.420147
-63.0,163,311.853571
-22.0,122,312.161108
-58.0,158,312.566559
-39.0,139,312.914579
-19.0,119,313.204145
-84.0,184,313.664233
-18.0,119,313.982062
-19.0,119,314.294511
-24.0,124,314.612203
-24.0,124,314.944043
-20.0,120,315.260358
-58.0,158,315.659065
-19.0,120,315.973389
-24.0,124,316.355166
-51.0,151,316.834763
-20.0,120,317.163204
-71.0,175,317.640758
-66.0,166,318.083443
-19.0,119,318.417891
-47.0,148,318.860117
-21.0,121,319.187141
-21.0,121,319.498375
-21.0,121,319.826392
-42.0,142,320.207913
-48.0,148,320.588216
-22.0,122,320.91814
-21.0,121,321.22771
-64.0,164,321.653481
-21.0,121,321.967535
-55.0,155,322.381688
-21.0,121,322.683844
-56.0,157,323.085957
-54.0,154,323.473093
-20.0,120,323.786868
-59.0,159,324.180673
-62.0,162,324.60094
-64.0,164,325.017518
-71.0,174,325.478934
-20.0,120,325.792319
-65.0,165,326.228348
-19.0,119,326.544263
-21.0,121,326.85488
-56.0,156,327.260087
-56.0,156,327.681821
-22.0,122,327.995399
-22.0,122,328.309644
-18.0,118,328.619807
-21.0,121,328.932929
-57.0,157,329.358438
-37.0,137,329.717374
-20.0,120,330.034219
-51.0,152,330.435763
-21.0,121,330.741627
-18.0,118,331.057853
-21.0,121,331.371397
-18.0,118,331.683438
-88.0,188,332.161129
-54.0,155,332.562682
-54.0,154,332.974091
-20.0,121,333.288111
-64.0,164,333.707015
-71.0,171,334.154819
-70.0,170,334.583052
-67.0,167,335.015846
-23.0,123,335.32331
-38.0,138,335.683197
-27.0,127,336.017415
6.0,94,336.262867
-21.0,121,336.575026
-18.0,118,336.894765
-60.0,161,337.318681
-25.0,125,337.650692
-26.0,127,337.98405
-24.0,124,338.309707
6.0,94,338.558446
6.0,94,338.810624
-21.0,121,339.127947
4.0,96,339.380842
-22.0,122,339.696184
-19.0,119,340.014451
-18.0,118,340.330457
-22.0,122,340.642961
-20.0,120,340.957403
5.0,95,341.210032
5.0,95,341.462691
-19.0,119,341.768994
-18.0,118,342.085711
2.0,98,342.325128
-56.0,156,342.730135
-21.0,121,343.042405
-23.0,123,343.349257
-18.0,118,343.663961
-50.0,150,344.042412
-61.0,161,344.449032
-17.0,117,344.753688
-56.0,156,345.141919
-17.0,117,345.455126
-18.0,118,345.751102
-70.0,171,346.194395
3.0,97,346.455057
-61.0,161,346.880507
-22.0,122,347.195611
-18.0,118,347.516208
-63.0,163,347.96033
-23.0,123,348.278273
-17.0,117,348.593409
-17.0,117,348.892313
-24.0,124,349.233014
-62.0,162,349.65276
-55.0,155,350.050216
-18.0,118,350.370259
-56.0,156,350.78392
-21.0,121,351.093607
-58.0,159,351.499612
-67.0,168,351.91749
-62.0,162,352.309653
-17.0,117,352.595988
-63.0,163,353.025308
-68.0,168,353.456241
-24.0,124,353.765806
-91.0,191,354.255549
-19.0,119,354.576836
5.0,95,354.8217
-27.0,128,355.149977
-59.0,159,355.567875
-20.0,120,355.882546
-70.0,170,356.32145
-25.0,125,356.66234
-24.0,125,356.979443
5.0,95,357.229284
4.0,96,357.486001
-72.0,172,357.942546
-19.0,120,358.256942
-71.0,171,358.706353
-23.0,123,359.027756
-22.0,122,359.364585
-23.0,123,359.682749
-18.0,118,359.999382
-26.0,126,360.376557
-70.0,170,360.893117
-18.0,118,361.22378
-50.0,150,361.619379
-22.0,122,361.958327
-18.0,118,362.259636
-22.0,122,362.601799
-60.0,160,363.032479
-24.0,124,363.362122
-17.0,117,363.682747
-16.0,116,363.992473
-24.0,124,364.343748
-19.0,119,364.667916
-20.0,120,365.001735
-18.0,118,365.316677
-62.0,162,365.781363
-49.0,149,366.166495
-54.0,155,366.609703
-58.0,158,367.057651
-22.0,122,367.408896
-21.0,122,367.746332
-43.0,144,368.133559
-62.0,162,368.564076
-73.0,173,369.031996
-23.0,123,369.35528
-23.0,123,369.673595
-22.0,122,370.011359
-73.0,173,370.46059
-101.0,201,370.99201
-94.0,194,371.556448
-23.0,123,371.893968
-92.0,192,372.399622
-23.0,123,372.721509
-97.0,198,373.282542
-105.0,205,373.860245
-64.0,164,374.301145
-74.0,174,374.78764
-49.0,149,375.186836
-46.0,146,375.541523
-25.0,125,375.88223
-82.0,182,376.381587
-44.0,145,376.744656
-21.0,122,377.070189
-22.0,122,377.374006
-41.0,142,377.732297
-23.0,123,378.025002
-24.0,124,378.33844
-23.0,123,378.631598
-24.0,124,378.926885
-51.0,151,379.303369
-24.0,124,379.62721
-89.0,189,380.09407
-23.0,123,380.40712
-23.0,123,380.69724
-52.0,152,381.07261
-50.0,150,381.445411
-25.0,125,381.764053
-95.0,195,382.236626
-51.0,151,382.595308
-24.0,125,382.905674
-26.0,127,383.261479
-89.0,189,383.728274
-88.0,188,384.154387
-53.0,153,384.572803
-23.0,123,384.892298
-66.0,166,385.315854
-23.0,123,385.626332
-72.0,172,386.080152
-25.0,125,386.40542
-45.0,145,386.755281
-46.0,146,387.155671
-26.0,126,387.458855
-82.0,182,387.897052
-84.0,184,388.359455
-25.0,125,388.661282
-29.0,129,388.948504
-29.0,130,389.227318
-46.0,146,389.582419
-87.0,187,390.03872
-27.0,127,390.357653
-71.0,171,390.745033
-47.0,148,391.08835
-24.0,124,391.369365
-88.0,188,391.801766
-100.0,200,392.251998
-24.0,124,392.530264
-24.0,124,392.81305
-91.0,191,393.256715
-84.0,184,393.691712
-86.0,186,394.134628
-48.0,148,394.477021
-23.0,123,394.765645
-23.0,123,395.056634
-42.0,142,395.367974
-112.0,213,395.838017
-23.0,123,396.121257
-51.0,152,396.446489
-24.0,124,396.707001
-21.0,121,396.988537
-22.0,122,397.264307
-47.0,147,397.619013
-20.0,120,397.905108
-22.0,122,398.186004
-24.0,124,398.479567
-52.0,153,398.83416
-23.0,123,399.110296
-100.0,200,399.583098
-44.0,144,399.913003
-46.0,146,400.23686
-45.0,145,400.578572
-72.0,172,400.998244
-49.0,149,401.3413
-24.0,124,401.644771
-93.0,193,402.075881
-23.0,123,402.365618
-23.0,124,402.647862
-51.0,151,403.018826
-22.0,122,403.287412
-23.0,123,403.589855
-22.0,122,403.85679
-97.0,198,404.295472
-97.0,198,404.764845
-53.0,153,405.099378
-23.0,123,405.374819
-24.0,124,405.655099
-24.0,124,405.958181
-51.0,151,406.302459
-25.0,125,406.583065
-67.0,167,406.975828
-24.0,124,407.269401
-49.0,149,407.591092
-23.0,123,407.873877
-23.0,123,408.143709
-47.0,147,408.468982
-51.0,151,408.810249
-23.0,123,409.12763
-46.0,147,409.459169
-22.0,122,409.728618
-24.0,124,410.011942
-23.0,123,410.284148
-94.0,194,410.762557
-100.0,200,411.278637
-51.0,151,411.655258
-24.0,124,411.945211
-82.0,182,412.387742
-45.0,145,412.730915
-68.0,168,413.153934
-24.0,124,413.456871
-50.0,150,413.842117
-23.0,123,414.139485
-21.0,122,414.501942
-23.0,123,414.830475
-24.0,124,415.196667
-23.0,123,415.545184
-24.0,124,415.87258
-47.0,147,416.267323
-23.0,123,416.533715
-96.0,197,417.013566
-99.0,199,417.505093
-23.0,123,417.811511
-24.0,124,418.123713
-25.0,125,418.436361
-93.0,193,418.994529
-86.0,186,419.479393
-75.0,175,419.926259
-76.0,176,420.389251
-81.0,181,420.852719
-48.0,148,421.207639
-48.0,148,421.596017
-26.0,126,421.912432
-84.0,184,422.369844
-26.0,126,422.68399
-98.0,198,423.163712
-50.0,150,423.528281
-46.0,146,423.870042
-126.0,226,424.395602
-29.0,130,424.731103
-99.0,199,425.222903
-85.0,185,425.670007
-29.0,129,425.981331
-28.0,128,426.294581
-130.0,230,426.860903
-46.0,147,427.222344
-45.0,145,427.570555
-48.0,148,427.964451
-44.0,144,428.321476
-89.0,190,428.786238
-29.0,129,429.109732
-87.0,187,429.616947
-95.0,195,430.12211
-48.0,148,430.49492
-100.0,200,430.99014
-88.0,188,431.471138
-108.0,208,432.00454
-29.0,129,432.325022
-73.0,173,432.763613
-47.0,147,433.114835
-106.0,206,433.625761
-82.0,182,434.072721
-27.0,128,434.383125
-76.0,176,434.821522
-95.0,195,435.29243
-83.0,183,435.740377
-109.0,209,436.292594
-72.0,172,436.769568
-88.0,188,437.229506
-91.0,191,437.711023
-77.0,177,438.151169
-87.0,188,438.615128
-90.0,190,439.070781
-112.0,213,439.582348
-34.0,134,439.921618
-91.0,191,440.3951
-131.0,231,440.973491
-83.0,183,441.416145
-84.0,184,441.870224
-83.0,183,442.33834
-79.0,179,442.791806
-30.0,130,443.11741
-84.0,184,443.551195
-81.0,181,443.991121
-77.0,177,444.432643
-49.0,149,444.830254
-87.0,188,445.297126
-62.0,163,445.672863
-93.0,193,446.142289
-48.0,148,446.513589
-30.0,130,446.823015
-82.0,182,447.281467
-109.0,209,447.802197
-82.0,182,448.253059
-50.0,151,448.629317
-98.0,198,449.09548
-85.0,185,449.547016
-93.0,193,450.028709
-75.0,175,450.43791
-84.0,184,450.874065
-97.0,199,451.374023
-88.0,188,451.844282
-73.0,173,452.272836
-90.0,190,452.740838
-88.0,188,453.204736
-102.0,202,453.687461
-69.0,170,454.099705
-74.0,174,454.525702
-94.0,194,454.990971
-79.0,179,455.427783
-94.0,194,455.887579
-76.0,176,456.315644
-98.0,198,456.808969
-89.0,189,457.259469
-124.0,224,457.813949
-102.0,202,458.313905
-84.0,184,458.779007
-91.0,191,459.253036
-102.0,202,459.763417
-148.0,248,460.368597
-119.0,220,460.908669
-99.0,199,461.406852
-113.0,213,461.971714
-103.0,203,462.462282
-126.0,226,462.99733
-81.0,181,463.46326
-92.0,192,463.92745
-87.0,187,464.373577
-86.0,186,464.815238
-106.0,206,465.314155
-69.0,169,465.729994
-77.0,177,466.157058
-113.0,214,466.672157
-121.0,221,467.237858
-68.0,168,467.651212
-121.0,221,468.203145
-81.0,182,468.670416
-86.0,187,469.175222
-53.0,153,469.546001
-76.0,177,469.988947
-93.0,193,470.480109
-93.0,193,470.972316
-96.0,196,471.4895
-78.0,178,471.939243
-94.0,194,472.477743
-88.0,188,472.995876
-71.0,171,473.446702
-113.0,213,474.038905
-76.0,176,474.539485
-73.0,173,475.003691
-91.0,191,475.51741
-89.0,189,476.025731
-133.0,233,476.645558
-82.0,183,477.146905
-120.0,220,477.729123
-73.0,173,478.207398
-116.0,216,478.789674
-68.0,168,479.238964
-113.0,213,479.793055
-94.0,194,480.325571
-103.0,203,480.862073
-78.0,178,481.332923
-83.0,183,481.831668
-99.0,199,482.392513
-110.0,210,482.95067
-82.0,182,483.433268
-103.0,203,483.983624
-104.0,204,484.545253
-100.0,200,485.092673
-79.0,180,485.573824
-48.0,148,485.98235
-50.0,150,486.389753
-77.0,178,486.857614
-78.0,178,487.338683
-70.0,171,487.816811
-82.0,182,488.289197
-81.0,181,488.792004
-99.0,199,489.324509
-51.0,151,489.728586
-121.0,221,490.303228
-94.0,194,490.836036
-93.0,193,491.350855
-102.0,202,491.894956
-97.0,197,492.431909
-96.0,196,492.948157
-76.0,178,493.413017
-71.0,171,493.868092
-100.0,200,494.394893
-84.0,184,494.877105
-106.0,206,495.406567
-69.0,169,495.866466
-83.0,183,496.341542
-142.0,243,496.999678
-50.0,150,497.409068
-49.0,149,497.788706
-50.0,150,498.194571
-105.0,205,498.746509
-73.0,173,499.194965
-100.0,200,499.735606
-89.0,189,500.255946
-48.0,148,500.636845
-46.0,147,501.041267
-95.0,195,501.558579
-50.0,150,501.977819
-102.0,202,502.519124
-49.0,149,502.923311
-84.0,184,503.397836
-91.0,191,503.903599
-51.0,151,504.293646
-117.0,217,504.90772
-100.0,200,505.44591
-125.0,225,506.035299
-67.0,167,506.48048
-67.0,167,506.898773
-119.0,219,507.48673
-88.0,188,507.97359
-87.0,188,508.483719
-134.0,234,509.111722
-95.0,196,509.651585
-124.0,224,510.260164
-51.0,152,510.668388
-76.0,176,511.143959
-102.0,202,511.68073
-52.0,152,512.101635
-124.0,224,512.703282
-74.0,174,513.164525
-88.0,188,513.651505
-53.0,153,514.05519
-111.0,212,514.61357
-83.0,183,515.097439
-89.0,189,515.58038
-126.0,226,516.180452
-119.0,219,516.763135
-117.0,218,517.330164
-70.0,170,517.778829
-90.0,190,518.284937
-80.0,181,518.775134
-85.0,185,519.26557
-101.0,201,519.797847
-71.0,171,520.249104
-69.0,169,520.692647
-96.0,196,521.232023
-114.0,214,521.808116
-89.0,189,522.301167
-91.0,191,522.824555
-52.0,152,523.226269
-74.0,174,523.68641
-124.0,224,524.273479
-123.0,223,524.847384
-75.0,175,525.307184
-97.0,197,525.814508
-91.0,191,526.305984
-96.0,196,526.839321
-91.0,191,527.334159
-113.0,213,527.880594
-112.0,213,528.461314
-116.0,216,529.048259
-52.0,152,529.458399
-98.0,198,529.990094
-71.0,171,530.437202
-122.0,223,531.033446
-96.0,196,531.546632
-70.0,170,532.012108
-52.0,152,532.429061
-128.0,228,533.030678
-85.0,185,533.514899
-96.0,196,534.02799
-112.0,213,534.589391
-104.0,204,535.157968
-95.0,195,535.670757
-92.0,192,536.194364
-106.0,206,536.740476
-55.0,155,537.141308
-96.0,196,537.665819
-134.0,234,538.276006
-83.0,183,538.767535
-88.0,188,539.25778
-123.0,223,539.85902
-90.0,190,540.368868
-99.0,200,540.902512
-88.0,188,541.414028
-73.0,173,541.864685
-95.0,195,542.411175
-78.0,178,542.881316
-90.0,190,543.39498
-93.0,193,543.902972
-90.0,190,544.395346
-101.0,201,544.930328
-54.0,154,545.328741
-113.0,214,545.895509
-76.0,176,546.363402
-77.0,177,546.822371
-80.0,180,547.276842
-70.0,171,547.744399
-94.0,194,548.249877
-103.0,203,548.789675
-113.0,213,549.379074
-89.0,190,549.88271
-88.0,188,550.375094
-78.0,178,550.842294
-121.0,221,551.434748
-93.0,193,551.947498
-107.0,207,552.501399
-90.0,190,553.01515
-100.0,200,553.546633
-107.0,207,554.086745
-69.0,169,554.530017
-86.0,186,555.017198
-78.0,178,555.48183
-102.0,202,556.009669
-127.0,227,556.617781
-74.0,174,557.081785
-96.0,196,557.587306
-142.0,242,558.218566
-89.0,190,558.730411
-72.0,172,559.194045
-104.0,204,559.741471
-98.0,198,560.280274
-69.0,169,560.730435
-90.0,190,561.240742
-72.0,173,561.690338
-86.0,186,562.201354
-88.0,188,562.696993
-95.0,195,563.212195
-125.0,225,563.82914
-132.0,232,564.444289
-90.0,190,564.944681
-84.0,184,565.429411
-83.0,183,565.9147
-119.0,220,566.513319
-74.0,174,566.958692
-181.0,281,567.702816
-119.0,219,568.272424
-162.0,262,568.961141
-98.0,198,569.471907
-120.0,220,570.061413
-92.0,192,570.575516
-136.0,236,571.189281
-94.0,194,571.72044
-90.0,190,572.207322
-96.0,196,572.736901
-168.0,269,573.484715
-329.0,429,574.646815
-89.0,189,575.161689
-146.0,249,575.864198
-87.0,187,576.431433
-124.0,224,577.040434
-95.0,195,577.575686
-85.0,185,578.094883
-81.0,181,578.575475
-85.0,185,579.083688
-78.0,178,579.573897
-74.0,174,580.041057
-75.0,175,580.470651
-81.0,181,580.974763
-105.0,205,581.52645
-91.0,191,582.031607
-88.0,188,582.521451
-126.0,226,583.111449
-78.0,178,583.593014
-111.0,211,584.143676
-93.0,193,584.653616
-91.0,191,585.156601
-91.0,191,585.663576
-121.0,222,586.25844
-108.0,208,586.799109
-98.0,198,587.305412
-113.0,213,587.882941
-111.0,211,588.432434
-118.0,218,589.024498
-94.0,194,589.542665
-118.0,218,590.149338
-111.0,211,590.739884
-87.0,187,591.269016
-78.0,179,591.834059
-87.0,187,592.416435
-81.0,181,592.934321
-92.0,192,593.49366
-81.0,181,594.065006
-76.0,176,594.659997
-85.0,185,595.415894
-72.0,172,595.919165
-141.0,241,596.603381
-72.0,172,597.088968
-120.0,220,597.789555
-90.0,190,598.331516
-97.0,197,599.02775
-116.0,216,599.758478
-102.0,203,600.349663
-91.0,192,600.892906
-109.0,210,601.626931
-84.0,184,602.167491
-94.0,194,602.695891
-127.0,227,603.305395
-85.0,185,603.80745
-154.0,254,604.612369
-111.0,211,605.193827
-85.0,185,605.831179
-94.0,194,606.331804
-87.0,187,606.813488
-78.0,178,607.279508
-91.0,192,607.79966
-77.0,177,608.304436
-81.0,181,608.766095
-80.0,180,609.241267
-80.0,180,609.707545
-127.0,227,610.315818
-87.0,187,610.832711
-85.0,185,611.334631
-87.0,187,611.854757
-49.0,149,612.270372
-76.0,176,612.753762
-74.0,174,613.239676
-51.0,151,613.658585
-94.0,194,614.177288
-77.0,177,614.643178
-92.0,192,615.177532
-90.0,190,615.707229
-95.0,195,616.256673
-81.0,181,616.77172
-94.0,194,617.298095
-77.0,177,617.831632
-80.0,180,618.370993
-88.0,188,618.924757
-106.0,206,619.483448
-80.0,180,619.963206
-82.0,182,620.452863
-88.0,188,620.980232
-96.0,196,621.505529
-47.0,147,621.902921
-83.0,183,622.38431
-81.0,181,622.875362
-29.0,129,623.216654
-83.0,183,623.716734
-80.0,181,624.21131
-29.0,129,624.585846
-80.0,180,625.066428
-123.0,223,625.665625
-103.0,203,626.227885
-48.0,148,626.61963
-50.0,150,627.035349
-78.0,178,627.509443
-97.0,197,628.042615
-95.0,195,628.55082
-49.0,149,628.956516
-87.0,187,629.46127
-49.0,149,629.85724
-108.0,208,630.40237
-126.0,226,631.016888
-86.0,186,631.5373
-68.0,168,632.069791
-87.0,188,632.61184
-73.0,173,633.070446
-93.0,193,633.602671
-102.0,203,634.182981
-103.0,203,634.728448
-80.0,180,635.250314
-92.0,193,635.879032
-98.0,199,636.44943
-31.0,131,636.821573
-117.0,217,637.45365
-80.0,182,638.031544
-110.0,210,638.65806
-106.0,207,639.223712
-80.0,181,639.719633
-100.0,200,640.250895
-100.0,200,640.774936
-76.0,176,641.249652
-82.0,182,642.065097
-93.0,193,643.091518
-96.0,196,643.704488
-114.0,214,644.313648
-76.0,176,644.816617
-89.0,189,645.328053
-86.0,187,645.851034
-71.0,171,646.334258
-98.0,199,646.912062
-100.0,200,647.509451
-94.0,195,648.099186
-88.0,188,648.796865
-103.0,203,649.344779
-86.0,186,649.860454
-77.0,177,650.513748
-77.0,177,651.324517
-74.0,174,651.913185
-78.0,178,652.401518
-129.0,229,653.03993
-83.0,183,653.53528
-89.0,189,654.064938
-174.0,275,654.848548
-116.0,216,655.43993
-110.0,210,656.019871
-85.0,185,656.507277
-147.0,247,657.177065
-106.0,206,657.719851
-83.0,183,658.213758
-76.0,176,658.68288
-128.0,228,659.302613
-91.0,191,659.818453
-113.0,213,660.372443
-80.0,180,660.868231
-100.0,201,661.413187
-121.0,221,662.0073
-119.0,219,662.617391
-78.0,178,663.101622
-123.0,223,663.704438
-87.0,187,664.199425
-699.0,799,666.364035
-155.0,255,667.047837
-130.0,230,667.664983
-121.0,222,668.263758
-120.0,220,668.843236
-83.0,183,669.322668
-87.0,187,669.813021
-122.0,222,670.422673
-111.0,211,670.974487
-86.0,186,671.479981
-151.0,251,672.130121
-115.0,215,672.710175
-278.0,378,673.74289
-164.0,264,674.450066
-82.0,182,675.001531
-998.0,999,677.785837
-998.0,999,680.598337
-712.0,812,682.882851
-104.0,204,683.458489
-999.0,999,686.406628
-999.0,999,689.158976
-999.0,999,691.93198
-999.0,999,694.702593
-998.0,999,697.395424
-999.0,999,700.151368
-998.0,999,702.941424
-999.0,999,705.73259
-999.0,999,708.526349
-999.0,999,711.254119
-999.0,999,714.020578
-998.0,999,716.9214
-998.0,999,719.862303
-998.0,999,722.581072
-999.0,999,725.272438
-998.0,999,727.957833
-999.0,999,730.702007
-999.0,999,733.374287
-999.0,999,736.178142
-999.0,999,738.903782
-999.0,999,741.59503
-999.0,999,744.266364
-998.0,999,746.989071
-999.0,999,749.719389
-998.0,999,752.441231
-999.0,999,755.17867
-999.0,999,757.920758
-999.0,999,760.746141
-998.0,999,763.561655
-998.0,999,766.345008
-999.0,999,769.14162
-999.0,999,771.853103
-999.0,999,774.611868
-999.0,999,777.365809
-999.0,999,780.128073
-998.0,999,783.000614
-999.0,999,785.755348
-998.0,999,788.402651
-999.0,999,791.116924
-999.0,999,793.785761
-999.0,999,796.446828
-999.0,999,799.142881
-999.0,999,801.851563
-998.0,999,804.741847
-995.0,999,807.644746
-998.0,999,810.483776
-998.0,999,813.332462
-999.0,999,816.13146
-999.0,999,819.000822
-999.0,999,822.031619
-998.0,999,824.963351
-999.0,999,827.747617
-999.0,999,830.497903
-997.0,999,833.301891
-251.0,351,834.297341
-999.0,999,837.083512
-999.0,999,839.878154
-778.0,878,842.255793
-192.0,292,843.05904
-171.0,271,843.798815
-201.0,301,844.60906
-998.0,999,847.367645
-388.0,489,848.740937
-217.0,317,849.658788
-185.0,285,850.449344
-190.0,291,851.235873
-142.0,242,851.89338
-197.0,297,852.691518
-117.0,217,853.280097
-214.0,314,854.162471
-184.0,284,854.93015
-119.0,219,855.538247
-168.0,268,856.293719
-169.0,269,857.041302
-189.0,289,857.843906
-185.0,285,858.754312
-210.0,310,859.680966
-164.0,264,860.440639
-199.0,299,861.317434
-596.0,696,863.291358
-998.0,999,866.327145
-999.0,999,869.289601
-281.0,381,870.38961
-999.0,999,873.15395
-999.0,999,875.90813
-190.0,290,876.72294
-998.0,999,879.512356
-260.0,361,880.505598
-200.0,300,881.334632
-183.0,283,882.127462
-195.0,296,882.935166
-170.0,270,883.677344
-171.0,271,884.398509
-162.0,263,885.121128
-269.0,369,886.129494
-206.0,306,886.980884
-152.0,252,887.6618
-176.0,276,888.427377
-146.0,246,889.109
-117.0,217,889.729604
-118.0,218,890.324184
-115.0,216,890.912639
-177.0,277,891.665361
-180.0,280,892.434984
-129.0,229,893.178893
-189.0,289,894.034919
-171.0,271,894.805994
-162.0,263,895.546352
-120.0,220,896.133306
-169.0,269,896.895525
-192.0,292,897.707776
-181.0,281,898.490151
-117.0,217,899.090006
-204.0,304,899.919382
-143.0,243,900.580775
-119.0,219,901.199973
-160.0,260,901.904656
-197.0,297,902.719685
-112.0,212,903.307274
-207.0,307,904.138664
-153.0,253,904.837327
-139.0,239,905.497435
-147.0,247,906.157324
-119.0,219,906.768721
-183.0,283,907.532725
-170.0,270,908.275204
-115.0,215,908.863289
-113.0,213,909.438194
-148.0,248,910.106577
-120.0,220,910.716794
-173.0,273,911.460434
-133.0,234,912.095723
-193.0,293,912.903143
-171.0,272,913.643754
-145.0,245,914.333892
-168.0,268,915.061784
-116.0,216,915.653355
-118.0,218,916.250414
-143.0,243,917.103327
-193.0,294,917.939536
-165.0,265,918.770455
-117.0,217,919.378108
-176.0,277,920.12781
-141.0,241,920.788438
-172.0,272,921.546885
-146.0,246,922.235519
-112.0,212,922.841675
-175.0,275,923.597589
-135.0,235,924.245434
-185.0,285,925.078609
-110.0,210,925.651036
-135.0,235,926.307249
-187.0,287,927.098187
-169.0,269,927.828805
-146.0,246,928.516143
-113.0,213,929.109944
-113.0,213,929.683759
-119.0,219,930.289403
-185.0,285,931.062154
-114.0,214,931.645338
-143.0,244,932.311726
-114.0,214,932.905979
-143.0,243,933.585802
-110.0,211,934.159841
-110.0,210,934.725258
-109.0,209,935.294851
-167.0,267,936.035794
-189.0,289,936.841656
-111.0,211,937.415789
-132.0,232,938.047475
-166.0,266,938.776414
-114.0,214,939.369011
-137.0,237,940.047085
-194.0,294,940.998662
-119.0,219,941.620944
-173.0,273,942.375561
-116.0,216,942.973427
-199.0,299,943.783914
-176.0,276,944.557629
-116.0,216,945.159379
-201.0,301,945.989745
-138.0,238,946.627703
-156.0,256,947.35911
-226.0,326,948.259339
-155.0,256,948.96779
-145.0,245,949.645474
-112.0,212,950.221096
-115.0,215,950.81463
-170.0,271,951.5664
-169.0,269,952.308764
-115.0,215,952.881293
-157.0,257,953.599502
-119.0,219,954.194632
-142.0,242,954.879413
-112.0,212,955.485143
-118.0,219,956.074889
-116.0,216,956.661497
-197.0,297,957.466765
-196.0,296,958.274796
-118.0,219,958.881057
-194.0,294,959.674376
-114.0,214,960.270257
-182.0,283,961.036719
-181.0,281,961.818265
-187.0,287,962.593594
-109.0,209,963.189803
-117.0,217,963.781611
-120.0,220,964.380023
-113.0,213,964.985374
-130.0,230,965.622779
-155.0,255,966.323746
-150.0,250,967.038289
-166.0,266,967.788181
-159.0,259,968.511656
-190.0,290,969.333946
-133.0,233,969.964974
-130.0,230,970.569289
-138.0,238,971.231923
-145.0,245,971.917141
-177.0,278,972.690015
-133.0,233,973.345177
-137.0,237,973.98972
-192.0,292,974.840316
-148.0,248,975.536873
-116.0,216,976.150314
-155.0,255,976.876135
-133.0,234,977.527653
-116.0,216,978.132677
-186.0,286,979.002718
-120.0,220,979.625758
-135.0,236,980.30582
-138.0,238,981.016199
-137.0,237,981.818406
-147.0,247,982.544629
-118.0,218,983.166185
-111.0,211,983.778791
-182.0,282,984.551994
-118.0,218,985.178178
-172.0,272,985.940671
-109.0,210,986.508215
-107.0,207,987.088537
-186.0,287,987.883503
-149.0,249,988.563313
-110.0,210,989.137893
-149.0,249,989.831108
-103.0,204,990.372967
-108.0,208,990.943398
-183.0,284,991.734298
-104.0,204,992.283494
-111.0,211,992.85618
-181.0,282,993.634752
-115.0,215,994.224915
-107.0,207,994.776911
-169.0,269,995.524605
-104.0,204,996.093527
-140.0,240,996.746509
-112.0,212,997.310707
-158.0,259,998.011189
-134.0,234,998.661325
-159.0,259,999.367587
-142.0,242,1000.051185
-118.0,218,1000.710305
-101.0,201,1001.278507
-118.0,218,1001.916697
-145.0,245,1002.624382
-98.0,199,1003.204978
-113.0,213,1003.870559
-164.0,264,1004.665651
-123.0,223,1005.307436
-99.0,200,1005.877038
-119.0,220,1006.485129
-123.0,223,1007.097303
-170.0,270,1007.850352
-143.0,243,1008.521852
-124.0,224,1009.146703
-102.0,202,1009.726574
-112.0,212,1010.298974
-147.0,249,1010.980282
-119.0,219,1011.602877
-152.0,252,1012.28596
-147.0,247,1012.983147
-114.0,214,1013.608859
-109.0,209,1014.183927
-164.0,264,1014.931337
-182.0,283,1015.710474
-182.0,282,1016.496975
-115.0,215,1017.072535
-117.0,218,1017.677985
-155.0,255,1018.385341
-182.0,283,1019.151474
-137.0,237,1019.806736
-188.0,288,1020.65097
-146.0,246,1021.308728
-118.0,218,1021.917587
-117.0,217,1022.531336
-150.0,250,1023.217739
-150.0,250,1023.973481
-110.0,210,1024.585324
-109.0,209,1025.21094
-108.0,208,1025.811638
-109.0,209,1026.414613
-113.0,214,1027.041051
-143.0,243,1027.74652
-111.0,212,1028.361339
-175.0,275,1029.138997
-119.0,219,1029.753701
-120.0,220,1030.363491
-200.0,300,1031.182776
-112.0,212,1031.774702
-191.0,291,1032.562741
-117.0,218,1033.16815
-147.0,247,1033.857445
-204.0,304,1034.691885
-138.0,238,1035.36337
-117.0,217,1035.952769
-109.0,209,1036.520828
-110.0,210,1037.090279
-171.0,271,1037.829875
-111.0,211,1038.423501
-118.0,219,1039.01785
-109.0,210,1039.584387
-112.0,212,1040.202626
-193.0,293,1041.013016
-114.0,214,1041.629326
-111.0,211,1042.302112
-147.0,247,1042.991393
-109.0,209,1043.604009
-112.0,212,1044.248648
-168.0,268,1045.024344
-130.0,230,1045.690985
-193.0,293,1046.497582
-156.0,256,1047.206411
-155.0,256,1047.902719
-172.0,272,1048.647313
-145.0,245,1049.309547
-132.0,232,1049.9466
-118.0,218,1050.565222
-180.0,281,1051.352622
-187.0,287,1052.144681
-154.0,254,1052.831833
-183.0,283,1053.634646
-117.0,217,1054.23598
-167.0,268,1054.976769
-117.0,217,1055.630532
-128.0,229,1056.252767
-178.0,278,1057.04529
-125.0,225,1057.695908
-150.0,250,1058.421165
-219.0,319,1059.292951
-134.0,234,1059.928127
-133.0,234,1060.584611
-144.0,244,1061.238079
-150.0,250,1061.938733
-122.0,222,1062.616409
-166.0,267,1063.417228
-112.0,212,1064.096464
-148.0,248,1064.812833
-195.0,295,1065.634437
-102.0,203,1066.2648
-114.0,214,1066.950064
-108.0,208,1067.556213
-128.0,228,1068.211928
-114.0,214,1068.80228
-123.0,223,1069.436876
-83.0,184,1069.956096
-145.0,245,1070.694947
-117.0,217,1071.300332
-111.0,211,1071.886296
-83.0,183,1072.408304
-128.0,229,1073.04503
-147.0,248,1073.72629
-110.0,210,1074.296165
-111.0,211,1074.894578
-125.0,225,1075.537632
-130.0,230,1076.165253
-127.0,227,1076.800047
-127.0,228,1077.419722
-129.0,229,1078.054239
-82.0,182,1078.557918
-138.0,239,1079.193755
-102.0,202,1079.761353
-101.0,201,1080.306824
-104.0,205,1080.863077
-108.0,209,1081.452776
-99.0,199,1081.976341
-105.0,205,1082.543798
-169.0,269,1083.286586
-152.0,252,1083.978067
-86.0,186,1084.493863
-123.0,223,1085.103953
-107.0,207,1085.719725
-117.0,217,1086.325293
-109.0,209,1086.891588
-112.0,212,1087.48299
-118.0,218,1088.096505
-126.0,226,1088.709127
-106.0,206,1089.291242
-152.0,252,1089.999389
-125.0,225,1090.615177
-121.0,221,1091.207482
-106.0,206,1091.788969
-120.0,221,1092.416373
-112.0,212,1093.004819
-165.0,265,1093.751232
-115.0,215,1094.379129
-115.0,215,1095.003789
-174.0,274,1095.768577
-104.0,204,1096.37943
-176.0,276,1097.135949
-107.0,207,1097.71637
-135.0,235,1098.380876
-117.0,217,1098.999316
-105.0,205,1099.564439
-144.0,245,1100.268609
-141.0,241,1100.940389
-107.0,207,1101.526873
-176.0,276,1102.302237
-122.0,222,1102.901472
-117.0,217,1103.507608
-123.0,223,1104.197517
-115.0,216,1104.989896
-112.0,212,1105.629493
-192.0,295,1106.520281
-124.0,224,1107.135616
-145.0,245,1107.804469
-142.0,242,1108.48804
-127.0,227,1109.114413
-130.0,230,1109.769338
-127.0,227,1110.401432
-147.0,247,1111.076013
-116.0,216,1111.666308
-99.0,199,1112.213655
-106.0,206,1112.786215
-143.0,243,1113.468486
-102.0,202,1114.024847
-101.0,201,1114.581075
-85.0,185,1115.090658
-120.0,220,1115.722179
-148.0,248,1116.437515
-127.0,227,1117.097344
-101.0,201,1117.756245
-162.0,262,1118.524818
-111.0,211,1119.161588
-114.0,215,1119.893279
-113.0,213,1120.551035
-105.0,205,1121.174733
-107.0,207,1121.751632
-98.0,198,1122.279718
-102.0,202,1122.854298
-111.0,211,1123.433818
-114.0,214,1124.021503
-117.0,217,1124.611665
-109.0,209,1125.189485
-125.0,225,1125.806147
-79.0,179,1126.310675
-143.0,243,1127.003089
-125.0,225,1127.611913
-129.0,229,1128.253497
-80.0,180,1128.748328
-117.0,217,1129.344373
-122.0,222,1129.957448
-131.0,231,1130.593916
-128.0,228,1131.219849
-143.0,243,1131.903136
-83.0,183,1132.40968
-127.0,228,1133.042283
-138.0,238,1133.715941
-126.0,226,1134.336754
-176.0,276,1135.152073
-138.0,238,1135.800988
-110.0,210,1136.419073
-134.0,234,1137.061036
-95.0,195,1137.592379
-81.0,181,1138.094059
-116.0,216,1138.689124
-121.0,221,1139.288015
-125.0,225,1139.919317
-99.0,199,1140.446749
-95.0,196,1140.989284
-140.0,240,1141.641228
-127.0,227,1142.277208
-82.0,182,1142.799503
-146.0,246,1143.525113
-122.0,222,1144.159066
-99.0,200,1144.714143
-117.0,217,1145.321758
-115.0,215,1145.923473
-78.0,178,1146.419363
-124.0,225,1147.052284
-80.0,180,1147.546351
-114.0,214,1148.154691
-103.0,203,1148.739402
-108.0,208,1149.323466
-57.0,157,1149.752336
-131.0,231,1150.3988
-107.0,207,1150.971103
-57.0,157,1151.421777
-78.0,178,1151.916271
-58.0,158,1152.359091
-134.0,234,1153.00865
-136.0,237,1153.664272
-56.0,157,1154.12742
-77.0,177,1154.640926
-118.0,219,1155.304824
-58.0,158,1155.74389
-119.0,221,1156.414804
-94.0,195,1156.97832
-136.0,236,1157.666016
-76.0,176,1158.169727
-113.0,214,1158.796049
-101.0,201,1159.358551
-123.0,223,1160.0014
-127.0,229,1160.651877
-79.0,179,1161.162516
-99.0,199,1161.704002
-90.0,190,1162.245405
-112.0,212,1162.859325
-131.0,231,1163.524597
-81.0,181,1164.028115
-135.0,235,1164.7207
-133.0,233,1165.390436
-107.0,208,1165.972199
-113.0,213,1166.555191
-105.0,206,1167.132312
-56.0,156,1167.570946
-122.0,222,1168.179095
-105.0,205,1168.75712
-106.0,206,1169.349669
-97.0,197,1169.892666
-116.0,217,1170.506442
-99.0,199,1171.076407
-74.0,174,1171.569314
-99.0,199,1172.129135
-108.0,209,1172.734683
-101.0,201,1173.304239
-56.0,156,1173.786884
-132.0,232,1174.630235
-109.0,209,1175.268435
-77.0,177,1175.766616
-88.0,188,1176.283192
-54.0,155,1176.731897
-106.0,206,1177.325357
-55.0,155,1177.765076
-129.0,229,1178.428915
-74.0,174,1178.91698
-104.0,204,1179.5214
-103.0,203,1180.091723
-122.0,222,1180.719476
-115.0,215,1181.320917
-76.0,176,1181.812538
-158.0,258,1182.548407
-106.0,206,1183.133036
-117.0,217,1183.755814
-59.0,159,1184.227262
-132.0,232,1184.928093
-128.0,228,1185.59377
-117.0,217,1186.212734
-79.0,179,1186.739873
-107.0,207,1187.322758
-126.0,226,1187.955786
-137.0,237,1188.6387
-121.0,221,1189.244574
-134.0,234,1189.899657
-121.0,221,1190.535311
-110.0,210,1191.125858
-124.0,224,1191.758788
-58.0,158,1192.227789
-104.0,204,1192.812497
-78.0,178,1193.313503
-117.0,217,1193.927709
-58.0,158,1194.380721
-78.0,178,1194.893183
-76.0,176,1195.400139
-110.0,210,1195.997494
-110.0,210,1196.600036
-136.0,236,1197.293086
-126.0,227,1197.93356
-113.0,213,1198.618868
-59.0,159,1199.141477
-100.0,200,1199.717111
-77.0,177,1200.209672
-138.0,238,1200.87272
-129.0,229,1201.485846
-58.0,158,1201.926393
-78.0,178,1202.414176
-78.0,178,1202.916835
-108.0,208,1203.492494
-101.0,201,1204.067375
-114.0,214,1204.680349
-118.0,219,1205.32741
-57.0,157,1205.756402
-58.0,158,1206.198986
-133.0,233,1206.854573
-138.0,238,1207.517498
-58.0,158,1207.955967
-133.0,233,1208.598173
-111.0,211,1209.169983
-60.0,160,1209.610957
-56.0,157,1210.05028
-110.0,210,1210.627815
-125.0,225,1211.235832
-104.0,205,1211.800377
-75.0,175,1212.289119
-57.0,157,1212.741107
-76.0,176,1213.245827
-77.0,177,1213.761988
-121.0,222,1214.364256
-105.0,206,1214.936207
-107.0,207,1215.503488
-106.0,206,1216.074422
-101.0,201,1216.618551
-56.0,157,1217.051339
-75.0,176,1217.5408
-108.0,209,1218.149618
-88.0,188,1218.662277
-128.0,228,1219.323283
-56.0,156,1219.74243
-117.0,217,1220.343004
-117.0,217,1220.936869
-122.0,222,1221.578158
-55.0,155,1222.00444
-55.0,155,1222.452571
-119.0,219,1223.123098
-54.0,154,1223.551403
-78.0,178,1224.062311
-56.0,156,1224.490278
-54.0,154,1224.913499
-54.0,154,1225.338068
-119.0,219,1225.927013
-121.0,222,1226.530745
-110.0,210,1227.119328
-76.0,176,1227.612715
-56.0,156,1228.05786
-103.0,203,1228.589778
-56.0,156,1228.990984
-55.0,155,1229.407683
-127.0,227,1230.008914
-57.0,157,1230.436081
-111.0,211,1231.000881
-106.0,206,1231.66807
-99.0,199,1232.2206
-120.0,220,1232.820656
-112.0,212,1233.43825
-129.0,229,1234.089446
-57.0,157,1234.550783
-58.0,158,1235.013847
-106.0,206,1235.611848
-77.0,178,1236.116603
-57.0,157,1236.548255
-118.0,218,1237.21008
-101.0,201,1237.826315
-117.0,217,1238.454404
-120.0,220,1239.071774
-114.0,215,1239.683657
-107.0,207,1240.313974
-70.0,171,1240.815024
-55.0,155,1241.235829
-76.0,176,1241.72268
-56.0,156,1242.146668
-139.0,239,1242.80602
-55.0,155,1243.244575
-54.0,154,1243.663752
-56.0,156,1244.092581
-51.0,151,1244.518967
-54.0,154,1244.954477
-54.0,154,1245.377946
-52.0,152,1245.801017
-52.0,152,1246.223307
-99.0,199,1246.772681
-76.0,176,1247.261156
-114.0,214,1247.834781
-54.0,154,1248.271708
-55.0,155,1248.692234
-77.0,177,1249.178229
-55.0,155,1249.625797
-52.0,152,1250.046046
-78.0,178,1250.531373
-79.0,179,1251.02012
-52.0,152,1251.438644
-109.0,209,1252.010502
-53.0,153,1252.423727
-86.0,186,1252.94923
-55.0,155,1253.364097
-54.0,154,1253.778771
-114.0,214,1254.365312
-53.0,153,1254.823044
-108.0,208,1255.423541
-53.0,153,1255.853158
-76.0,176,1256.33222
-71.0,171,1256.811532
-128.0,228,1257.407097
-118.0,218,1257.994934
-54.0,154,1258.428205
-125.0,225,1259.052438
-54.0,154,1259.475916
-74.0,174,1259.971721
-70.0,170,1260.451726
-77.0,177,1260.940573
-75.0,176,1261.432238
-81.0,181,1261.953371
-53.0,153,1262.383576
-79.0,179,1262.874836
-118.0,218,1263.535916
-52.0,152,1263.984148
-117.0,217,1264.617405
-53.0,153,1265.056356
-54.0,154,1265.597589
-55.0,155,1266.117766
-54.0,154,1266.620921
-124.0,224,1267.331026
-76.0,176,1267.862966
-110.0,211,1268.472908
-125.0,225,1269.140793
-50.0,150,1269.572069
-50.0,150,1270.010359
-52.0,152,1270.444315
-74.0,174,1270.915297
-53.0,153,1271.352168
-92.0,192,1271.906453
-140.0,240,1272.584485
-116.0,216,1273.186311
-76.0,176,1273.675127
-54.0,154,1274.103988
-77.0,177,1274.601568
-81.0,181,1275.11186
-71.0,171,1275.574823
-104.0,204,1276.135825
-74.0,174,1276.704685
-83.0,183,1277.348894
-131.0,231,1278.168699
-72.0,172,1278.707449
-131.0,232,1279.442113
-128.0,228,1280.139708
-80.0,180,1280.667015
-51.0,151,1281.16532
-116.0,216,1281.875892
-54.0,154,1282.342811
-52.0,152,1282.780709
-75.0,175,1283.264355
-52.0,152,1283.701139
-51.0,152,1284.139502
-53.0,153,1284.628265
-124.0,224,1285.322183
-71.0,171,1285.811567
-78.0,178,1286.327271
-54.0,154,1286.767688
-118.0,218,1287.419865
-49.0,149,1287.851532
-114.0,214,1288.485866
-49.0,149,1288.921057
-51.0,151,1289.361655
-48.0,148,1289.776339
-121.0,221,1290.40401
-49.0,149,1290.810642
-48.0,148,1291.25021
-76.0,176,1291.749131
-67.0,167,1292.224416
-50.0,150,1292.630619
-75.0,175,1293.1219
-80.0,180,1293.63233
-52.0,152,1294.05025
-46.0,146,1294.444449
-50.0,150,1294.867049
-68.0,168,1295.340089
-51.0,151,1295.786342
-104.0,204,1296.367973
-51.0,151,1296.909007
-48.0,148,1297.411616
-86.0,186,1297.962297
-51.0,151,1298.401185
-80.0,180,1298.897641
-90.0,190,1299.440133
-79.0,180,1299.96374
-53.0,153,1300.419777
-76.0,176,1300.911279
-56.0,156,1301.33147
-51.0,151,1301.762423
-80.0,180,1302.260762
-114.0,214,1302.852405
-48.0,148,1303.271161
-52.0,152,1303.6939
-72.0,172,1304.177613
-105.0,205,1304.765574
-49.0,149,1305.180799
-82.0,182,1305.687669
-52.0,152,1306.099821
-53.0,153,1306.528709
-120.0,220,1307.160275
-89.0,189,1307.678112
-51.0,151,1308.101254
-51.0,151,1308.517966
-53.0,153,1308.936605
-81.0,181,1309.440126
-51.0,151,1309.857082
-47.0,147,1310.255484
-95.0,195,1310.800159
-56.0,156,1311.223103
-47.0,147,1311.623622
-48.0,148,1312.058529
-77.0,177,1312.537624
-49.0,149,1312.957573
-48.0,148,1313.356776
-52.0,152,1313.7804
-60.0,160,1314.213605
-73.0,173,1314.710074
-53.0,153,1315.173787
-48.0,148,1315.632949
-87.0,187,1316.296748
-57.0,157,1316.716824
-50.0,150,1317.128294
-47.0,147,1317.543322
-49.0,149,1317.947417
-51.0,151,1318.360782
-47.0,147,1318.754841
-53.0,153,1319.202269
-47.0,147,1319.59736
-116.0,216,1320.189989
-47.0,147,1320.585223
-54.0,154,1321.019732
-80.0,180,1321.496256
-52.0,152,1321.904465
-66.0,166,1322.357482
-49.0,149,1322.750877
-68.0,169,1323.223063
-52.0,152,1323.640147
-52.0,152,1324.055503
-50.0,150,1324.449779
-56.0,156,1324.901728
-51.0,151,1325.340539
-109.0,209,1325.911927
-77.0,177,1326.398872
-54.0,154,1326.813669
-82.0,182,1327.311981
-72.0,172,1327.765219
-79.0,179,1328.266084
-115.0,215,1328.853983
-120.0,220,1329.441337
-48.0,148,1329.849689
-46.0,146,1330.241576
-86.0,186,1330.738649
-53.0,153,1331.172922
-50.0,150,1331.629566
-54.0,154,1332.109331
-87.0,187,1332.658935
-48.0,148,1333.060999
-42.0,143,1333.447717
-79.0,179,1333.927093
-91.0,191,1334.449874
-53.0,153,1334.868303
-69.0,169,1335.352412
-82.0,183,1335.83909
-56.0,156,1336.271847
-130.0,230,1336.907981
-49.0,149,1337.310501
-43.0,143,1337.701208
-47.0,147,1338.111492
-51.0,151,1338.502411
-54.0,154,1338.938696
-54.0,154,1339.353782
-55.0,155,1339.765982
-45.0,145,1340.187148
-50.0,150,1340.626116
-51.0,152,1341.04485
-43.0,143,1341.438868
-44.0,144,1341.830788
-49.0,149,1342.240684
-85.0,185,1342.741816
-49.0,149,1343.14951
-73.0,173,1343.625772
-56.0,156,1344.064142
-42.0,142,1344.437381
-94.0,194,1345.037731
-79.0,179,1345.54554
-47.0,147,1345.963902
-46.0,146,1346.396219
-49.0,150,1346.80333
-43.0,143,1347.200808
-73.0,174,1347.716228
-93.0,193,1348.276304
-47.0,147,1348.745595
-56.0,156,1349.193105
-47.0,147,1349.593378
-55.0,155,1350.033473
-52.0,152,1350.451541
-50.0,150,1350.855558
-115.0,215,1351.446167
-53.0,153,1351.886729
-53.0,153,1352.322216
-55.0,155,1352.737428
-79.0,179,1353.21709
-116.0,216,1353.80572
-56.0,156,1354.246446
-54.0,156,1354.661485
-47.0,147,1355.073802
-50.0,150,1355.468055
-46.0,146,1355.882385
-48.0,148,1356.286997
-86.0,186,1356.789093
-49.0,150,1357.201549
-119.0,219,1357.809157
-55.0,155,1358.223845
-87.0,187,1358.732005
-88.0,188,1359.251805
-93.0,193,1359.776648
-48.0,148,1360.175817
-51.0,151,1360.591551
-76.0,176,1361.074548
-93.0,193,1361.605626
-51.0,151,1362.023586
-48.0,148,1362.437855
-48.0,148,1362.833142
